Age,Smoking Status,Years smoked,Average per day,Gender,Grade,Race,Height,Weight ,Family history,COPD,Year,Cancer
68,Smoker,10,15,Male,Under Graduate,Asian,175,85,No,Yes,2000,Yes
77,Former Smoker,15,10,Male,Post Graduate,Asian,180,90,Yes,Yes,2001,Yes
68,Non Smoker,0,0,Male,Post Graduate,Asian,182,57,Yes,No,2002,No
71,Smoker,27,10,Male,Nil,American Indian,170,80,Yes,Yes,2003,Yes
74,Smoker,10,5,Male,Nil,African American,182,85,No,Yes,2000,No
51,Smoker,10,3,Female,Under Graduate,White,170,60,Yes,Yes,2002,No
54,Former Smoker,14,6,Female,Post Graduate,LatiNo,175,65,No,No,2003,No
50,Non Smoker,0,0,Female,Nil,Asian,178,59,Yes,No,2004,No
80,Smoker,5,5,Male,Under Graduate,American Indian,187,70,No,No,2005,No
54,Smoker,12,5,Male,Post Graduate,American Indian,187,54,Yes,Yes,2002,No
54,Non Smoker,0,0,Male,Under Graduate,American Indian,187,56,Yes,Yes,2003,No
56,Former Smoker,12,12,Male,Nil,Asian,187,58,Yes,Yes,2001,Yes
87,Smoker,10,10,Male,Post Graduate,Asian,185,89,Yes,Yes,2003,Yes
45,Non Smoker,0,0,Male,Post Graduate,Asian,185,84,No,Yes,2002,No
76,Former Smoker,25,12,Male,Under Graduate,Asian,185,74,No,Yes,2004,Yes
41,Smoker,26,5,Female,Under Graduate,Asian,185,71,No,Yes,2005,Yes
42,Non Smoker,0,0,Female,Nil,Asian,185,72,No,Yes,2004,No
56,Smoker,30,6,Female,Post Graduate,Asian,178,80,Yes,Yes,2004,Yes
78,Smoker,15,4,Female,Under Graduate,Asian,178,69,No,No,2003,No
65,Smoker,35,6,Female,Post Graduate,Asian,178,90,No,Yes,2005,Yes
45,Former Smoker,23,5,Female,Nil,White,178,85,No,No,2005,No
42,Former Smoker,10,3,Male,Under Graduate,White,178,74,No,No,2005,No
65,Former Smoker,11,5,Male,Under Graduate,White,178,79,No,No,2005,No
64,Non Smoker,0,0,Male,Under Graduate,White,178,87,No,No,2005,No
42,Non Smoker,0,0,Female,Under Graduate,White,178,84,No,No,2005,No
58,Non Smoker,0,0,Female,Under Graduate,LatiNo,170,85,No,No,2004,No
86,Smoker,21,14,Male,Post Graduate,LatiNo,190,89,No,No,2004,Yes
74,Smoker,12,5,Male,Post Graduate,LatiNo,175,67,No,No,2004,No
45,Smoker,13,6,Male,Post Graduate,American Indian,175,78,No,No,2004,No
78,Smoker,14,5,Female,Post Graduate,American Indian,175,45,No,No,2004,No
47,Smoker,14,6,Female,Post Graduate,American Indian,175,78,Yes,No,2004,No
48,Smoker,12,1,Female,Nil,African American,172,74,Yes,No,2003,No
39,Smoker,13,3,Male,Nil,African American,172,61,Yes,No,2003,No
40,Smoker,20,5,Male,Nil,African American,172,55,Yes,No,2003,No
35,Smoker,10,4,Male,Nil,Asian,172,87,Yes,No,2003,No
36,Former Smoker,10,6,Female,Under Graduate,Asian,172,81,Yes,No,2003,No
48,Former Smoker,21,6,Female,Under Graduate,Asian,172,62,No,No,2003,No
45,Former Smoker,15,6,Female,Under Graduate,Asian,182,68,No,No,2003,No
46,Former Smoker,15,8,Male,Under Graduate,Asian,182,98,No,No,2001,No
48,Former Smoker,13,8,Male,Post Graduate,Asian,182,78,No,Yes,2001,No
41,Former Smoker,15,5,Male,Post Graduate,Asian,156,74,No,Yes,2001,No
52,Former Smoker,13,7,Female,Post Graduate,White,156,75,No,No,2001,No
74,Former Smoker,12,9,Female,Under Graduate,White,156,80,No,No,2000,No
64,Former Smoker,30,8,Female,Nil,White,156,85,No,Yes,2000,Yes
65,Non Smoker,0,0,Male,Post Graduate,White,156,87,No,No,2000,No
64,Smoker,13,10,Male,Post Graduate,White,156,84,Yes,Yes,2000,Yes
55,Non Smoker,0,0,Male,Under Graduate,Asian,160,86,Yes,No,2002,No
65,Former Smoker,12,8,Male,Under Graduate,Asian,160,90,Yes,Yes,2002,Yes
64,Smoker,20,5,Male,Under Graduate,Asian,160,63,Yes,No,2002,No
20,Smoker,2,3,Male,Under Graduate,White,150,50,No,No,2001,No
23,Smoker,4,4,Female,Post Graduate,American Indian,155,53,Yes,No,2003,No
30,Former Smoker,6,6,Female,Under Graduate,African American,145,60,Yes,No,2002,No
26,Non Smoker,0,0,Male,Under Graduate,African American,175,54,No,No,2004,No
25,Non Smoker,0,0,Male,Post Graduate,Asian,167,52,Yes,No,2005,No
28,Former Smoker,6,4,Male,Nil,Asian,177,63,No,Yes,2001,No
41,Smoker,8,3,Female,Nil,White,190,70,No,No,2003,Yes
57,Smoker,9,5,Male,Post Graduate,African American,187,68,Yes,Yes,2002,Yes
59,Former Smoker,8,4,Female,Under Graduate,White,186,59,Yes,No,2001,No
21,Non Smoker,0,0,Female,Under Graduate,African American,174,55,Yes,No,2004,No
17,Smoker,1,3,Male,Nil,African American,176,48,No,No,2003,No
49,Former Smoker,6,5,Female,Nil,Asian,175,53,No,Yes,2003,No
56,Former Smoker,20,4,Male,Nil,American Indian,175,59,Yes,Yes,2001,Yes
47,Non Smoker,0,0,Female,Under Graduate,African American,170,57,Yes,No,2004,No
25,Non Smoker,0,0,Male,Under Graduate,African American,160,60,Yes,No,2005,No
36,Non Smoker,0,0,Male,Post Graduate,African American,150,45,Yes,No,2003,No
41,Former Smoker,5,1,Female,Nil,Asian,155,75,Yes,No,2002,No
55,Smoker,1,1,Male,Under Graduate,American Indian,175,55,No,No,2000,No
41,Smoker,1,2,Male,Under Graduate,White,165,58,Yes,No,2004,No
53,Non Smoker,0,0,Male,Nil,White,166,59,Yes,No,2004,No
69,Non Smoker,0,0,Male,Post Graduate,LatiNo,188,65,No,Yes,2005,No
87,Non Smoker,0,0,Female,Nil,LatiNo,172,70,Yes,Yes,2004,No
77,Non Smoker,0,0,Male,Nil,White,160,45,Yes,No,2003,No
69,Former Smoker,2,2,Female,Under Graduate,White,145,59,No,No,2004,No
58,Smoker,6,5,Male,Post Graduate,American Indian,154,60,Yes,No,2004,No
51,Smoker,5,5,Male,Post Graduate,African American,166,64,No,Yes,2004,No
54,Non Smoker,0,0,Male,Under Graduate,American Indian,168,67,No,No,2001,No
74,Non Smoker,0,0,Male,Nil,White,170,66,Yes,No,2001,No
75,Former Smoker,1,4,Female,Nil,LatiNo,175,73,No,No,2001,No
73,Smoker,1,3,Female,Under Graduate,LatiNo,167,68,Yes,No,2001,Yes
63,Smoker,5,6,Male,Under Graduate,American Indian,163,74,No,Yes,2001,No
62,Smoker,12,6,Male,Post Graduate,African American,169,82,Yes,Yes,2001,Yes
65,Non Smoker,0,0,Male,Nil,Asian,167,77,No,No,2001,No
66,Non Smoker,0,0,Female,Post Graduate,LatiNo,158,58,No,Yes,2002,No
43,Non Smoker,0,0,Male,Nil,White,144,82,Yes,No,2002,No
47,Smoker,15,5,Male,Post Graduate,White,157,88,Yes,Yes,2002,Yes
58,Former Smoker,6,7,Female,Post Graduate,White,148,68,No,No,2002,No
56,Former Smoker,1,3,Male,Under Graduate,LatiNo,168,76,No,Yes,2002,No
23,Non Smoker,0,0,Male,Nil,American Indian,196,75,No,No,2004,No
25,Non Smoker,0,0,Male,Nil,African American,163,73,No,No,2004,No
24,Smoker,6,14,Male,Under Graduate,African American,158,63,Yes,Yes,2004,Yes
56,Smoker,5,7,Female,Nil,American Indian,154,69,No,Yes,2004,No
86,Non Smoker,0,0,Female,Under Graduate,White,176,65,Yes,No,2005,No
59,Former Smoker,7,5,Male,Nil,LatiNo,164,58,No,Yes,2005,No
85,Non Smoker,0,0,Female,Post Graduate,LatiNo,143,90,Yes,No,2005,No
74,Smoker,3,4,Male,Nil,White,167,88,Yes,No,2005,No
72,Smoker,14,6,Male,Under Graduate,African American,168,94,Yes,Yes,2000,Yes
69,Former Smoker,5,9,Male,Under Graduate,American Indian,144,78,No,No,2000,No
56,Former Smoker,6,5,Female,Post Graduate,American Indian,152,67,No,No,2000,No
65,Non Smoker,0,0,Male,Nil,White,167,60,Yes,No,2000,No
45,Smoker,7,5,Male,Post Graduate,LatiNo,142,88,No,No,2000,No
58,Former Smoker,15,7,Female,Under Graduate,White,132,86,Yes,Yes,2003,Yes
75,Non Smoker,0,0,Male,Post Graduate,LatiNo,153,76,No,No,2003,No
63,Non Smoker,0,0,Female,Nil,African American,164,74,Yes,No,2003,No
96,Former Smoker,5,6,Female,Nil,American Indian,155,94,No,No,2003,No
58,Smoker,9,7,Male,Post Graduate,American Indian,165,100,No,Yes,2003,No
75,Former Smoker,10,10,Female,Under Graduate,LatiNo,142,97,Yes,No,2003,Yes
63,Smoker,4,2,Male,Post Graduate,White,132,93,No,No,2002,No
87,Non Smoker,0,0,Female,Nil,LatiNo,162,86,Yes,No,2002,No
64,Former Smoker,6,6,Male,Under Graduate,LatiNo,166,67,No,Yes,2002,No
88,Non Smoker,0,0,Male,Post Graduate,LatiNo,176,74,Yes,No,2002,No
68,Non Smoker,0,0,Female,Under Graduate,White,144,73,No,No,2002,No
58,Non Smoker,0,0,Male,Post Graduate,African American,162,98,Yes,No,2000,No
59,Former Smoker,7,9,Female,Nil,African American,162,99,No,No,2000,No
45,Smoker,9,4,Male,Post Graduate,American Indian,145,87,Yes,No,2000,No
56,Smoker,10,14,Male,Under Graduate,American Indian,144,77,No,Yes,2000,Yes
58,Former Smoker,12,3,Male,Nil,African American,164,73,No,No,2000,No
75,Non Smoker,0,0,Female,Nil,LatiNo,162,67,Yes,No,2005,No
49,Non Smoker,0,0,Male,Post Graduate,White,156,58,No,No,2005,No
61,Former Smoker,14,8,Male,Post Graduate,White,176,82,Yes,Yes,2005,Yes
42,Smoker,5,1,Male,Post Graduate,Asian,176,65,No,No,2003,No
42,Smoker,5,4,Male,Post Graduate,Asian,176,70,No,No,2003,No
42,Smoker,5,2,Male,Post Graduate,Asian,176,70,No,No,2003,No
51,Smoker,5,4,Male,Post Graduate,Asian,176,70,No,No,2003,No
51,Former Smoker,5,1,Male,Post Graduate,Asian,176,70,No,No,2004,No
54,Former Smoker,5,2,Male,Post Graduate,Asian,176,70,No,No,2004,No
54,Former Smoker,5,1,Male,Post Graduate,Asian,176,70,No,No,2004,No
49,Former Smoker,5,1,Male,Post Graduate,Asian,176,70,No,No,2002,No
49,Non Smoker,0,0,Male,Post Graduate,Asian,176,70,No,No,2002,No
50,Non Smoker,0,0,Male,Post Graduate,Asian,176,70,No,No,2002,No
49,Non Smoker,0,0,Male,Post Graduate,Asian,176,70,No,No,2002,No
54,Non Smoker,0,0,Male,Post Graduate,Asian,176,70,Yes,No,2002,No
54,Non Smoker,0,0,Male,Post Graduate,Asian,176,70,No,No,2004,No
51,Non Smoker,0,0,Male,Post Graduate,Asian,176,70,No,No,2004,No
51,Former Smoker,2,2,Male,Post Graduate,Asian,176,70,No,No,2003,No
51,Former Smoker,4,2,Male,Post Graduate,Asian,176,70,No,No,2003,No
42,Smoker,4,2,Male,Post Graduate,Asian,176,70,No,No,2003,No
42,Smoker,4,2,Male,Post Graduate,Asian,176,70,No,No,2003,No
42,Smoker,4,2,Male,Post Graduate,Asian,180,85,No,No,2001,No
40,Smoker,2,3,Male,Under Graduate,Asian,174,75,No,No,2001,No
45,Smoker,3,3,Male,Under Graduate,Asian,174,75,No,No,2001,No
41,Smoker,4,3,Male,Under Graduate,Asian,174,75,No,No,2001,No
42,Smoker,1,3,Male,Under Graduate,Asian,174,75,No,Yes,2001,No
47,Smoker,2,3,Male,Under Graduate,Asian,174,75,No,No,2001,No
45,Smoker,2,3,Male,Under Graduate,Asian,174,75,No,No,2001,No
48,Smoker,2,3,Male,Under Graduate,Asian,174,75,No,No,2001,No
46,Smoker,2,3,Male,Under Graduate,Asian,174,75,Yes,No,2001,No
47,Smoker,2,3,Male,Under Graduate,Asian,174,75,No,No,2001,No
45,Smoker,2,3,Male,Under Graduate,Asian,174,75,No,No,2001,No
49,Smoker,2,3,Male,Under Graduate,Asian,174,75,No,No,2001,No
50,Smoker,2,3,Male,Under Graduate,Asian,174,75,No,No,2001,No
51,Smoker,2,3,Male,Under Graduate,Asian,174,75,No,No,2001,No
52,Smoker,2,3,Male,Under Graduate,Asian,174,75,No,No,2001,No
53,Smoker,2,3,Male,Under Graduate,Asian,174,75,No,No,2001,No
54,Smoker,2,3,Male,Under Graduate,Asian,174,75,No,No,2001,No
50,Smoker,2,3,Male,Under Graduate,Asian,174,75,No,No,2001,No
51,Smoker,2,3,Male,Under Graduate,Asian,174,75,No,No,2001,No
52,Smoker,2,3,Male,Under Graduate,Asian,174,75,No,No,2001,No
53,Smoker,2,3,Male,Under Graduate,Asian,174,75,No,No,2001,No
54,Smoker,2,3,Male,Under Graduate,Asian,174,75,No,No,2001,No
52,Smoker,2,3,Male,Under Graduate,Asian,174,75,No,No,2001,No
54,Smoker,2,3,Male,Under Graduate,Asian,174,75,No,No,2001,No
56,Smoker,2,3,Male,Under Graduate,Asian,174,75,No,No,2001,No
54,Smoker,2,3,Male,Under Graduate,Asian,174,75,No,No,2001,No
58,Smoker,2,3,Male,Under Graduate,Asian,174,75,No,No,2001,No
57,Smoker,2,3,Male,Under Graduate,Asian,174,75,No,No,2001,No
60,Non Smoker,0,0,Male,Under Graduate,Asian,174,75,No,No,2001,No
62,Non Smoker,0,0,Male,Under Graduate,Asian,174,75,No,No,2001,No
63,Non Smoker,0,0,Male,Under Graduate,Asian,174,75,No,No,2001,No
64,Non Smoker,0,0,Male,Under Graduate,Asian,174,75,No,No,2001,No
65,Non Smoker,0,0,Male,Under Graduate,Asian,178,75,No,No,2001,No
65,Non Smoker,0,0,Male,Under Graduate,Asian,178,75,No,No,2001,No
64,Non Smoker,0,0,Male,Under Graduate,Asian,178,75,No,No,2001,No
60,Non Smoker,0,0,Male,Under Graduate,Asian,178,75,Yes,No,2001,No
59,Non Smoker,0,0,Male,Under Graduate,Asian,178,75,No,No,2001,No
58,Non Smoker,0,0,Male,Under Graduate,Asian,178,75,No,No,2001,No
57,Non Smoker,0,0,Male,Under Graduate,Asian,178,75,Yes,No,2001,No
56,Non Smoker,0,0,Male,Under Graduate,Asian,178,75,No,No,2001,No
55,Non Smoker,0,0,Male,Under Graduate,Asian,178,75,No,No,2001,No
56,Smoker,6,12,Male,Under Graduate,Asian,178,75,Yes,No,2001,Yes
54,Smoker,3,12,Male,Under Graduate,Asian,178,75,No,Yes,2001,Yes
56,Smoker,8,12,Male,Under Graduate,Asian,178,75,No,Yes,2001,Yes
54,Smoker,5,12,Male,Under Graduate,Asian,178,75,No,Yes,2001,Yes
56,Smoker,7,12,Male,Under Graduate,Asian,178,75,Yes,Yes,2001,Yes
58,Smoker,8,12,Male,Under Graduate,Asian,178,75,No,Yes,2001,Yes
59,Smoker,6,12,Male,Under Graduate,Asian,178,75,Yes,Yes,2001,Yes
60,Smoker,9,12,Male,Under Graduate,Asian,178,75,No,Yes,2001,Yes
61,Smoker,10,12,Male,Under Graduate,Asian,178,75,Yes,No,2001,Yes
60,Smoker,20,12,Male,Under Graduate,Asian,178,75,No,Yes,2001,Yes
62,Smoker,17,12,Male,Under Graduate,Asian,178,75,No,Yes,2001,Yes
63,Smoker,15,12,Male,Under Graduate,Asian,178,75,No,Yes,2001,Yes
64,Smoker,14,12,Male,Under Graduate,Asian,178,75,No,Yes,2001,Yes
65,Smoker,11,12,Male,Under Graduate,Asian,178,75,No,Yes,2001,Yes
68,Smoker,8,12,Male,Under Graduate,Asian,178,75,No,Yes,2001,Yes
69,Smoker,3,4,Male,Under Graduate,Asian,178,75,Yes,No,2001,No
70,Smoker,3,4,Male,Under Graduate,Asian,178,75,No,No,2001,No
64,Smoker,3,4,Male,Under Graduate,Asian,178,75,No,No,2001,No
70,Former Smoker,3,4,Male,Under Graduate,Asian,178,75,No,No,2001,No
87,Former Smoker,3,4,Male,Under Graduate,Asian,178,75,No,No,2001,No
80,Former Smoker,3,4,Male,Under Graduate,Asian,178,75,No,No,2001,No
81,Former Smoker,3,4,Male,Under Graduate,Asian,178,75,No,No,2001,No
82,Former Smoker,3,4,Male,Under Graduate,Asian,178,75,No,No,2001,No
80,Former Smoker,3,4,Male,Under Graduate,Asian,178,75,No,No,2001,No
85,Former Smoker,3,4,Male,Under Graduate,Asian,178,75,No,No,2001,No
87,Former Smoker,3,4,Male,Under Graduate,Asian,178,75,No,No,2001,No
86,Former Smoker,3,4,Male,Under Graduate,Asian,178,75,No,No,2001,No
74,Former Smoker,3,4,Male,Under Graduate,Asian,178,75,No,No,2001,No
75,Former Smoker,3,4,Male,Under Graduate,Asian,178,75,No,No,2001,No
72,Former Smoker,3,4,Male,Under Graduate,Asian,178,75,No,No,2001,No
71,Former Smoker,3,4,Male,Post Graduate,Asian,178,75,No,No,2001,No
73,Former Smoker,3,4,Male,Post Graduate,Asian,178,75,No,No,2001,No
75,Former Smoker,3,4,Male,Post Graduate,Asian,178,75,No,No,2001,No
78,Former Smoker,3,4,Male,Post Graduate,Asian,178,75,No,No,2001,No
76,Smoker,3,4,Male,Post Graduate,Asian,178,75,No,No,2001,No
79,Smoker,3,4,Male,Post Graduate,Asian,178,75,No,No,2001,No
74,Smoker,3,4,Male,Post Graduate,Asian,178,75,No,No,2001,No
75,Smoker,3,4,Male,Post Graduate,Asian,178,75,No,No,2001,No
71,Smoker,3,4,Male,Post Graduate,Asian,178,75,No,No,2001,No
72,Smoker,3,4,Male,Post Graduate,Asian,178,75,No,No,2001,No
70,Smoker,3,4,Male,Post Graduate,Asian,178,75,No,No,2001,No
73,Smoker,3,4,Male,Post Graduate,Asian,178,75,No,No,2001,No
76,Smoker,3,4,Male,Post Graduate,Asian,178,75,No,No,2001,No
79,Smoker,3,4,Male,Post Graduate,Asian,178,75,No,No,2001,No
71,Smoker,3,4,Male,Post Graduate,Asian,178,75,No,No,2001,No
72,Smoker,3,4,Male,Post Graduate,Asian,178,78,No,No,2001,No
70,Smoker,3,4,Male,Post Graduate,Asian,178,78,No,No,2001,No
75,Smoker,3,4,Male,Post Graduate,Asian,178,78,No,No,2001,No
71,Smoker,3,4,Male,Post Graduate,Asian,178,78,No,No,2001,No
72,Smoker,3,4,Male,Under Graduate,Asian,178,78,No,No,2001,No
78,Smoker,3,4,Male,Under Graduate,Asian,178,78,No,No,2001,No
76,Smoker,2,4,Male,Under Graduate,Asian,178,78,No,No,2001,No
75,Smoker,3,4,Male,Under Graduate,Asian,178,78,No,No,2001,No
74,Smoker,4,4,Male,Under Graduate,Asian,178,78,No,No,2001,No
80,Smoker,6,4,Male,Under Graduate,Asian,178,78,No,No,2001,No
72,Smoker,4,4,Male,Under Graduate,Asian,178,78,No,No,2001,No
65,Former Smoker,3,4,Male,Under Graduate,Asian,178,78,No,No,2001,No
68,Former Smoker,3,4,Male,Under Graduate,Asian,178,78,No,No,2001,No
69,Former Smoker,3,4,Male,Under Graduate,Asian,178,78,No,No,2001,No
64,Former Smoker,3,4,Male,Under Graduate,Asian,178,78,No,No,2001,No
62,Former Smoker,3,4,Male,Under Graduate,Asian,178,78,No,No,2001,No
60,Former Smoker,13,4,Male,Under Graduate,Asian,178,78,No,Yes,2001,Yes
58,Former Smoker,3,4,Male,Under Graduate,Asian,178,75,No,No,2001,No
57,Former Smoker,3,13,Male,Under Graduate,Asian,178,75,Yes,No,2001,Yes
59,Former Smoker,5,4,Male,Nil,Asian,178,75,No,No,2001,No
62,Former Smoker,2,4,Male,Nil,Asian,178,75,No,No,2001,No
64,Former Smoker,6,4,Male,Nil,Asian,178,75,No,No,2001,No
28,Former Smoker,4,4,Male,Nil,Asian,178,75,No,No,2001,No
59,Former Smoker,2,4,Male,Nil,Asian,178,75,No,No,2001,No
70,Former Smoker,3,4,Male,Nil,Asian,178,75,No,No,2001,No
68,Former Smoker,11,20,Male,Nil,Asian,178,75,No,Yes,2001,Yes
64,Former Smoker,3,4,Male,Nil,Asian,178,75,No,No,2001,No
62,Former Smoker,3,4,Male,Nil,Asian,178,75,No,No,2001,No
63,Former Smoker,3,4,Male,Nil,Asian,178,75,No,No,2001,No
65,Former Smoker,3,4,Male,Nil,Asian,178,75,No,No,2001,No
69,Former Smoker,3,4,Male,Nil,Asian,178,75,Yes,No,2001,No
64,Former Smoker,3,4,Male,Nil,Asian,178,75,Yes,No,2001,No
68,Former Smoker,3,4,Male,Nil,Asian,174,75,Yes,No,2001,No
70,Former Smoker,3,4,Male,Nil,Asian,174,75,No,Yes,2001,No
75,Former Smoker,3,4,Male,Nil,Asian,174,75,Yes,No,2001,No
74,Former Smoker,3,4,Male,Nil,Asian,174,75,Yes,Yes,2001,No
78,Former Smoker,3,4,Male,Nil,Asian,174,75,Yes,No,2001,No
70,Former Smoker,3,4,Male,Nil,Asian,174,75,Yes,No,2001,No
75,Former Smoker,3,4,Male,Nil,Asian,174,75,Yes,No,2001,No
74,Smoker,3,4,Male,Nil,Asian,174,75,Yes,No,2001,No
76,Smoker,3,4,Male,Nil,Asian,174,75,Yes,No,2001,No
79,Smoker,3,4,Male,Nil,Asian,174,75,Yes,No,2001,No
71,Smoker,3,4,Male,Nil,Asian,174,75,Yes,No,2001,No
72,Smoker,3,4,Male,Nil,Asian,174,75,No,No,2001,No
75,Smoker,3,4,Male,Nil,Asian,174,75,No,No,2002,No
76,Smoker,3,4,Male,Nil,Asian,174,75,No,No,2002,No
71,Smoker,3,4,Male,Nil,Asian,174,75,No,No,2002,No
78,Smoker,3,4,Male,Nil,Asian,174,75,No,No,2002,No
69,Smoker,3,4,Male,Nil,Asian,174,75,No,No,2002,No
70,Smoker,3,4,Male,Nil,Asian,174,75,No,No,2002,No
72,Smoker,3,4,Male,Under Graduate,Asian,174,80,No,No,2002,No
73,Smoker,3,4,Male,Under Graduate,Asian,174,80,No,No,2002,No
75,Smoker,3,4,Male,Under Graduate,Asian,174,80,No,No,2001,No
76,Smoker,3,4,Male,Under Graduate,Asian,174,80,No,No,2001,No
74,Smoker,5,1,Male,Under Graduate,Asian,174,80,No,No,2001,No
78,Smoker,5,2,Male,Under Graduate,Asian,174,80,No,No,2001,No
70,Smoker,3,2,Male,Under Graduate,Asian,174,80,No,No,2001,No
80,Smoker,5,4,Male,Under Graduate,Asian,174,80,No,No,2001,No
76,Smoker,3,4,Male,Under Graduate,Asian,174,80,No,No,2001,No
68,Smoker,3,4,Male,Under Graduate,Asian,174,80,No,No,2001,No
69,Smoker,7,1,Male,Under Graduate,Asian,174,80,No,No,2001,No
72,Smoker,3,4,Male,Under Graduate,American Indian,174,80,No,No,2001,No
73,Smoker,5,4,Male,Under Graduate,American Indian,174,80,No,Yes,2005,No
75,Smoker,3,4,Male,Under Graduate,American Indian,174,80,No,No,2005,No
76,Smoker,6,4,Male,Under Graduate,American Indian,174,80,No,No,2005,No
59,Smoker,3,4,Male,Under Graduate,American Indian,174,80,No,No,2005,No
60,Smoker,5,4,Male,Under Graduate,American Indian,174,80,No,No,2005,No
62,Smoker,3,4,Male,Under Graduate,American Indian,174,80,No,No,2005,No
63,Smoker,3,4,Male,Under Graduate,American Indian,174,80,No,No,2005,No
67,Smoker,3,4,Male,Under Graduate,American Indian,174,80,No,No,2005,No
68,Smoker,5,3,Male,Under Graduate,American Indian,174,80,No,No,2005,No
69,Smoker,3,4,Male,Under Graduate,American Indian,174,80,No,No,2005,No
70,Smoker,1,4,Male,Under Graduate,American Indian,174,80,No,No,2005,No
65,Smoker,1,4,Male,Under Graduate,American Indian,174,80,No,No,2005,No
64,Smoker,1,4,Male,Under Graduate,American Indian,174,80,No,No,2005,No
63,Smoker,3,4,Male,Under Graduate,American Indian,174,80,No,No,2005,No
68,Smoker,1,4,Male,Under Graduate,American Indian,174,80,No,No,2005,No
69,Smoker,1,2,Male,Under Graduate,American Indian,174,80,No,No,2005,No
70,Smoker,1,2,Male,Under Graduate,American Indian,174,80,No,No,2005,No
75,Smoker,3,2,Male,Under Graduate,Asian,174,80,No,No,2005,No
72,Smoker,1,4,Male,Under Graduate,Asian,174,80,No,No,2005,No
73,Smoker,3,2,Male,Under Graduate,Asian,174,80,No,No,2005,No
74,Smoker,2,2,Male,Under Graduate,Asian,174,80,No,No,2005,No
75,Smoker,2,3,Male,Under Graduate,Asian,174,80,No,No,2005,No
76,Smoker,2,2,Male,Under Graduate,Asian,174,80,No,No,2005,No
77,Smoker,3,4,Male,Under Graduate,Asian,174,80,No,No,2005,No
80,Smoker,2,2,Male,Under Graduate,Asian,174,80,No,No,2005,No
82,Smoker,3,3,Male,Under Graduate,Asian,174,80,No,No,2005,No
69,Smoker,3,2,Male,Under Graduate,Asian,174,80,No,No,2005,No
68,Smoker,3,4,Male,Under Graduate,Asian,174,80,No,No,2005,No
65,Smoker,2,3,Male,Under Graduate,Asian,174,80,No,No,2005,No
67,Smoker,3,3,Male,Under Graduate,Asian,174,80,No,No,2005,No
61,Smoker,3,3,Male,Under Graduate,Asian,174,80,No,No,2005,No
72,Smoker,3,4,Male,Under Graduate,Asian,174,80,No,No,2005,No
73,Smoker,3,4,Male,Under Graduate,Asian,174,78,No,No,2005,No
74,Smoker,3,4,Male,Under Graduate,White,174,78,No,No,2005,No
75,Smoker,4,3,Male,Under Graduate,White,174,78,No,No,2005,No
76,Smoker,3,4,Male,Under Graduate,White,174,78,No,No,2005,No
58,Smoker,2,3,Male,Under Graduate,White,174,78,No,No,2005,No
64,Smoker,3,4,Male,Under Graduate,White,174,78,No,No,2005,No
68,Smoker,5,1,Male,Under Graduate,White,174,78,No,No,2005,No
69,Smoker,3,4,Male,Under Graduate,White,174,78,No,No,2005,No
78,Smoker,1,3,Male,Under Graduate,White,174,78,No,No,2001,No
69,Smoker,3,4,Male,Under Graduate,White,174,78,No,No,2001,No
68,Smoker,3,4,Male,Under Graduate,White,174,78,No,No,2001,No
69,Smoker,3,5,Male,Under Graduate,White,174,78,No,No,2001,No
75,Smoker,3,5,Male,Under Graduate,White,174,78,No,No,2001,No
78,Smoker,3,5,Male,Under Graduate,White,174,78,No,No,2001,No
80,Smoker,3,4,Male,Under Graduate,White,174,78,No,No,2001,No
82,Smoker,3,4,Male,Under Graduate,White,174,78,No,No,2001,No
86,Smoker,3,6,Male,Under Graduate,White,174,78,No,No,2001,No
87,Smoker,3,4,Male,Under Graduate,White,174,78,No,No,2001,No
84,Smoker,3,6,Male,Under Graduate,White,174,78,No,No,2001,No
85,Smoker,3,6,Male,Under Graduate,White,174,78,No,No,2003,No
86,Smoker,3,6,Male,Under Graduate,White,174,78,No,Yes,2003,No
89,Smoker,3,4,Male,Under Graduate,White,174,78,No,No,2003,No
87,Smoker,3,6,Male,Under Graduate,White,174,75,No,No,2003,No
80,Smoker,3,4,Male,Under Graduate,White,174,75,No,No,2003,No
72,Smoker,3,4,Male,Under Graduate,Asian,174,75,No,No,2003,No
73,Smoker,3,4,Male,Under Graduate,Asian,174,75,No,Yes,2003,No
78,Smoker,3,4,Male,Under Graduate,Asian,174,75,No,No,2003,No
77,Smoker,3,4,Male,Under Graduate,Asian,174,75,No,No,2003,No
74,Smoker,3,4,Male,Under Graduate,Asian,174,75,No,No,2003,No
75,Smoker,3,5,Male,Under Graduate,Asian,174,75,No,No,2003,No
76,Smoker,3,5,Male,Under Graduate,Asian,174,75,No,No,2003,No
78,Smoker,3,5,Male,Under Graduate,Asian,174,75,No,No,2001,No
69,Smoker,10,12,Male,Under Graduate,American Indian,175,80,No,Yes,2004,Yes
70,Smoker,10,15,Male,Under Graduate,American Indian,175,80,No,Yes,2004,Yes
71,Smoker,10,8,Male,Under Graduate,American Indian,175,80,No,Yes,2004,Yes
72,Smoker,10,8,Male,Under Graduate,American Indian,175,80,Yes,No,2004,Yes
69,Smoker,15,8,Male,Under Graduate,American Indian,175,80,Yes,No,2004,Yes
72,Smoker,18,8,Male,Under Graduate,American Indian,175,80,Yes,No,2004,Yes
75,Smoker,17,8,Male,Under Graduate,American Indian,175,80,Yes,No,2004,Yes
74,Smoker,16,8,Male,Under Graduate,American Indian,175,80,Yes,No,2004,Yes
70,Smoker,18,8,Male,Under Graduate,American Indian,175,80,Yes,No,2004,Yes
77,Smoker,8,8,Male,Under Graduate,American Indian,175,80,Yes,No,2004,Yes
68,Smoker,9,10,Male,Under Graduate,American Indian,175,80,Yes,No,2004,Yes
65,Smoker,10,7,Male,Under Graduate,American Indian,175,80,Yes,No,2004,Yes
72,Smoker,10,7,Male,Under Graduate,American Indian,175,80,Yes,No,2004,Yes
64,Smoker,10,11,Male,Under Graduate,American Indian,175,80,Yes,No,2004,Yes
69,Smoker,12,7,Male,Under Graduate,American Indian,175,80,Yes,No,2004,Yes
74,Smoker,12,11,Male,Under Graduate,American Indian,175,80,No,Yes,2004,Yes
65,Smoker,12,7,Male,Under Graduate,American Indian,175,80,No,No,2004,Yes
74,Smoker,12,11,Male,Under Graduate,American Indian,175,80,No,Yes,2004,Yes
63,Smoker,12,5,Male,Under Graduate,American Indian,175,80,Yes,No,2004,Yes
70,Smoker,12,5,Male,Under Graduate,American Indian,175,80,Yes,No,2004,Yes
71,Smoker,6,5,Male,Under Graduate,American Indian,175,80,No,No,2004,No
72,Smoker,7,3,Male,Under Graduate,American Indian,175,80,No,No,2004,No
68,Smoker,7,3,Male,Under Graduate,American Indian,175,80,No,No,2004,No
69,Smoker,7,3,Male,Under Graduate,American Indian,175,80,No,No,2004,No
64,Smoker,7,3,Male,Under Graduate,American Indian,175,80,No,No,2004,No
59,Smoker,7,3,Male,Under Graduate,American Indian,175,80,No,No,2004,No
58,Smoker,7,3,Male,Under Graduate,LatiNo,175,80,No,No,2004,No
59,Smoker,7,3,Male,Under Graduate,LatiNo,175,80,No,No,2004,No
60,Smoker,7,3,Male,Under Graduate,LatiNo,175,80,No,No,2004,No
62,Smoker,7,3,Male,Under Graduate,LatiNo,175,80,No,No,2004,No
63,Smoker,7,3,Male,Under Graduate,LatiNo,175,80,No,No,2004,No
64,Smoker,7,3,Male,Under Graduate,LatiNo,175,80,No,No,2004,No
65,Smoker,14,10,Male,Under Graduate,LatiNo,175,80,No,Yes,2004,Yes
68,Smoker,14,10,Male,Under Graduate,LatiNo,175,80,No,Yes,2004,Yes
67,Smoker,14,10,Male,Under Graduate,LatiNo,175,80,No,Yes,2004,Yes
68,Smoker,14,10,Male,Under Graduate,LatiNo,175,80,No,Yes,2004,Yes
69,Smoker,14,10,Male,Under Graduate,LatiNo,175,80,No,Yes,2004,Yes
61,Smoker,14,10,Male,Under Graduate,LatiNo,175,80,No,Yes,2004,Yes
62,Smoker,14,10,Male,Under Graduate,LatiNo,175,80,Yes,No,2004,Yes
63,Smoker,14,10,Male,Under Graduate,LatiNo,175,80,Yes,No,2004,Yes
70,Smoker,10,10,Male,Under Graduate,LatiNo,175,80,Yes,No,2004,Yes
71,Smoker,10,10,Male,Under Graduate,LatiNo,175,80,Yes,No,2004,Yes
72,Smoker,10,10,Male,Under Graduate,LatiNo,175,80,Yes,No,2004,Yes
73,Smoker,10,10,Male,Under Graduate,LatiNo,175,80,No,Yes,2004,Yes
78,Smoker,10,10,Male,Under Graduate,LatiNo,175,80,No,Yes,2004,Yes
79,Smoker,10,2,Male,Under Graduate,LatiNo,175,80,No,No,2004,No
80,Smoker,10,2,Male,Under Graduate,LatiNo,175,80,No,No,2004,No
76,Smoker,10,8,Male,Under Graduate,LatiNo,175,80,No,No,2004,No
74,Smoker,10,3,Male,Under Graduate,LatiNo,175,80,No,No,2004,No
71,Smoker,10,2,Male,Under Graduate,LatiNo,175,80,No,No,2004,No
72,Smoker,12,1,Male,Under Graduate,LatiNo,175,80,No,No,2004,No
75,Smoker,12,4,Male,Under Graduate,LatiNo,175,80,No,No,2004,No
76,Smoker,12,3,Male,Under Graduate,LatiNo,175,80,No,No,2004,No
79,Smoker,12,3,Female,Under Graduate,LatiNo,175,72,No,No,2004,No
73,Smoker,12,3,Female,Under Graduate,LatiNo,175,72,No,No,2004,No
72,Smoker,12,3,Female,Under Graduate,LatiNo,175,72,No,No,2004,No
71,Smoker,12,3,Female,Under Graduate,LatiNo,175,72,No,No,2004,No
78,Smoker,12,3,Female,Under Graduate,LatiNo,175,72,No,No,2004,No
79,Smoker,12,3,Female,Under Graduate,LatiNo,175,72,No,No,2004,No
79,Smoker,12,8,Female,Under Graduate,LatiNo,175,72,No,No,2004,No
79,Smoker,12,8,Female,Under Graduate,LatiNo,175,72,No,No,2004,No
79,Smoker,12,8,Female,Under Graduate,LatiNo,175,72,No,No,2004,No
79,Smoker,12,12,Female,Under Graduate,LatiNo,175,72,Yes,Yes,2004,Yes
79,Smoker,12,11,Female,Under Graduate,LatiNo,175,72,No,No,2004,Yes
79,Smoker,12,1,Female,Under Graduate,LatiNo,175,72,No,No,2004,No
79,Smoker,12,15,Female,Under Graduate,LatiNo,175,72,No,No,2004,Yes
79,Smoker,12,4,Female,Post Graduate,LatiNo,175,72,No,No,2004,No
79,Smoker,12,4,Female,Post Graduate,LatiNo,175,72,No,No,2004,No
79,Smoker,12,3,Female,Post Graduate,LatiNo,175,72,No,No,2004,No
75,Smoker,12,5,Female,Post Graduate,LatiNo,175,72,No,No,2004,No
75,Smoker,12,6,Female,Post Graduate,LatiNo,175,72,No,No,2004,No
75,Smoker,10,12,Female,Post Graduate,LatiNo,175,72,No,Yes,2004,Yes
75,Smoker,10,10,Female,Post Graduate,LatiNo,175,72,No,Yes,2004,Yes
75,Smoker,10,15,Female,Post Graduate,LatiNo,175,72,No,Yes,2004,Yes
75,Smoker,11,13,Female,Post Graduate,LatiNo,175,72,No,Yes,2004,Yes
75,Smoker,11,13,Female,Post Graduate,LatiNo,175,72,No,Yes,2004,Yes
75,Smoker,10,13,Female,Post Graduate,LatiNo,175,72,No,Yes,2004,Yes
75,Smoker,9,12,Female,Post Graduate,LatiNo,175,72,No,Yes,2004,Yes
75,Smoker,8,3,Female,Post Graduate,LatiNo,175,72,No,No,2004,No
69,Smoker,5,3,Male,Under Graduate,LatiNo,175,80,No,No,2004,No
69,Smoker,10,8,Male,Under Graduate,LatiNo,175,80,No,No,2004,Yes
69,Smoker,15,8,Male,Under Graduate,LatiNo,175,80,No,No,2004,Yes
69,Smoker,14,8,Male,Under Graduate,LatiNo,175,80,No,No,2004,Yes
69,Smoker,5,4,Male,Under Graduate,LatiNo,175,80,No,No,2004,No
69,Non Smoker,0,0,Female,Under Graduate,LatiNo,175,80,No,No,2004,No
69,Non Smoker,0,0,Female,Under Graduate,LatiNo,175,80,No,No,2004,No
69,Non Smoker,0,0,Female,Under Graduate,LatiNo,175,80,No,No,2004,No
69,Non Smoker,0,0,Female,Under Graduate,LatiNo,175,80,No,No,2004,No
78,Non Smoker,0,0,Female,Under Graduate,LatiNo,175,80,No,No,2004,No
78,Non Smoker,0,0,Female,Under Graduate,LatiNo,175,80,No,No,2004,No
78,Non Smoker,0,0,Female,Under Graduate,LatiNo,175,80,No,No,2004,No
78,Non Smoker,0,0,Female,Under Graduate,LatiNo,175,80,No,No,2004,No
78,Non Smoker,0,0,Female,Under Graduate,LatiNo,175,80,No,No,2004,No
78,Non Smoker,0,0,Female,Under Graduate,LatiNo,175,80,No,No,2004,No
82,Non Smoker,0,0,Female,Under Graduate,LatiNo,175,80,No,No,2004,No
82,Smoker,5,2,Male,Under Graduate,LatiNo,175,80,No,No,2004,No
82,Smoker,12,2,Male,Under Graduate,LatiNo,175,80,No,No,2004,No
82,Smoker,11,2,Male,Under Graduate,LatiNo,175,80,No,No,2004,No
82,Smoker,5,2,Male,Under Graduate,LatiNo,175,80,No,No,2004,No
82,Smoker,6,2,Male,Under Graduate,LatiNo,175,80,No,No,2004,No
82,Smoker,5,2,Male,Under Graduate,LatiNo,175,80,No,No,2004,No
82,Smoker,4,2,Male,Under Graduate,LatiNo,175,80,No,No,2004,No
80,Smoker,6,2,Male,Under Graduate,LatiNo,175,80,No,No,2004,No
80,Smoker,2,2,Male,Under Graduate,LatiNo,175,80,No,No,2004,No
80,Smoker,6,2,Male,Under Graduate,LatiNo,175,80,No,No,2004,No
80,Smoker,4,2,Male,Under Graduate,LatiNo,175,80,No,No,2004,No
80,Smoker,5,2,Male,Under Graduate,LatiNo,175,80,No,No,2004,No
80,Smoker,6,2,Male,Under Graduate,LatiNo,175,80,No,No,2004,No
80,Smoker,2,2,Male,Under Graduate,LatiNo,175,80,No,No,2004,No
80,Former Smoker,5,3,Male,Under Graduate,LatiNo,175,80,No,No,2004,No
80,Former Smoker,5,3,Male,Under Graduate,LatiNo,175,80,No,No,2004,No
74,Former Smoker,5,2,Male,Under Graduate,LatiNo,175,80,No,No,2004,No
74,Former Smoker,4,5,Male,Under Graduate,LatiNo,175,80,No,No,2004,No
74,Former Smoker,3,4,Male,Under Graduate,LatiNo,175,80,No,No,2004,No
74,Former Smoker,2,4,Male,Under Graduate,LatiNo,175,80,No,No,2004,No
74,Former Smoker,4,4,Male,Under Graduate,LatiNo,175,80,No,No,2004,No
74,Former Smoker,6,4,Male,Under Graduate,LatiNo,175,80,No,No,2003,No
74,Former Smoker,4,6,Male,Under Graduate,LatiNo,176,80,No,No,2003,No
74,Former Smoker,6,4,Male,Under Graduate,LatiNo,176,80,No,No,2003,No
74,Former Smoker,4,3,Male,Under Graduate,LatiNo,176,80,No,No,2003,No
74,Former Smoker,4,2,Male,Under Graduate,LatiNo,176,80,No,No,2003,No
74,Former Smoker,5,3,Male,Under Graduate,Asian,176,80,No,No,2003,No
77,Former Smoker,5,3,Male,Under Graduate,Asian,176,80,No,No,2003,No
77,Former Smoker,5,3,Male,Under Graduate,Asian,176,80,No,No,2003,No
77,Former Smoker,5,3,Male,Under Graduate,Asian,176,80,No,No,2003,No
77,Former Smoker,5,3,Male,Under Graduate,Asian,176,80,No,No,2003,No
77,Former Smoker,5,3,Male,Under Graduate,Asian,176,80,No,No,2003,No
77,Former Smoker,5,1,Male,Under Graduate,Asian,176,80,No,No,2003,No
77,Former Smoker,5,1,Male,Under Graduate,Asian,176,80,No,No,2003,No
77,Former Smoker,5,1,Male,Under Graduate,Asian,176,80,No,No,2001,No
77,Smoker,14,1,Male,Under Graduate,Asian,176,80,No,No,2001,No
77,Smoker,10,1,Male,Under Graduate,Asian,176,80,No,No,2001,No
77,Smoker,12,1,Male,Nil,Asian,176,80,No,No,2001,No
77,Smoker,8,1,Male,Nil,Asian,176,80,No,No,2001,No
69,Smoker,9,3,Male,Nil,Asian,176,80,No,No,2001,No
69,Smoker,8,3,Male,Nil,Asian,176,80,No,No,2001,No
69,Smoker,9,3,Male,Nil,Asian,176,80,No,No,2001,No
69,Smoker,7,2,Male,Nil,Asian,176,80,No,No,2001,No
69,Smoker,5,2,Male,Nil,Asian,175,80,No,No,2001,No
69,Smoker,6,2,Male,Nil,Asian,175,80,No,No,2005,No
69,Smoker,4,2,Male,Nil,Asian,175,80,No,No,2005,No
69,Smoker,5,2,Male,Nil,Asian,175,80,No,No,2005,No
69,Smoker,8,2,Male,Nil,Asian,175,80,No,No,2005,No
84,Smoker,6,2,Male,Nil,Asian,175,80,No,No,2005,No
84,Smoker,7,2,Male,Nil,Asian,175,80,No,No,2005,No
84,Smoker,9,2,Male,Nil,Asian,175,80,No,No,2005,No
84,Smoker,4,2,Male,Nil,Asian,175,80,No,No,2005,No
84,Smoker,5,2,Male,Nil,Asian,175,80,No,No,2005,No
84,Smoker,6,2,Male,Nil,Asian,175,80,No,No,2000,No
79,Smoker,3,2,Male,Nil,Asian,175,80,No,No,2000,No
